storeId,departmentId,ma,ar,nDiff,baseLineMAE,actualMAE
1.0,4.0,4.0,4.0,0.0,1751.6241666666658,1677.375425550462
1.0,5.0,4.0,1.0,0.0,3918.0575000000003,3255.0189182701342
1.0,12.0,5.0,2.0,0.0,1401.3975000000003,855.9583605862412
1.0,18.0,3.0,1.0,0.0,6614.623333333334,4227.1128764087
1.0,19.0,9.0,2.0,0.0,268.71999999999997,200.05838348727843
1.0,21.0,1.0,1.0,0.0,764.185,481.6779427280556
1.0,22.0,2.0,1.0,0.0,1337.5516666666665,922.940133756177
1.0,26.0,2.0,1.0,0.0,1613.6475,1345.220308674908
1.0,38.0,9.0,4.0,0.0,7368.253333333333,6292.239813827465
1.0,40.0,9.0,4.0,0.0,2556.491666666668,1752.60354241987
1.0,42.0,2.0,2.0,0.0,814.2699999999999,603.414577984735
1.0,48.0,3.0,1.0,0.0,878.0,749.8519008342837
1.0,49.0,1.0,1.0,0.0,1933.0858333333333,1377.1585268595409
1.0,52.0,3.0,1.0,0.0,405.9525000000001,377.124186766279
1.0,54.0,10.0,1.0,0.0,40.931666666666665,26.99230266500157
1.0,82.0,1.0,1.0,0.0,1295.6674999999989,1219.1459344987345
1.0,83.0,5.0,10.0,0.0,800.7033333333335,420.4401437947866
2.0,4.0,4.0,4.0,0.0,2033.521666666665,1647.9033648902594
2.0,7.0,2.0,5.0,0.0,7659.115000000001,7341.004229586225
2.0,9.0,1.0,5.0,0.0,4764.710833333334,3992.82896072507
2.0,12.0,7.0,2.0,0.0,928.9591666666665,491.47090988437844
2.0,17.0,2.0,1.0,0.0,767.7499999999999,702.1894478516406
2.0,18.0,4.0,1.0,0.0,9699.135,6504.9605202927605
2.0,25.0,1.0,1.0,0.0,2205.7858333333334,1907.6060489405925
2.0,26.0,3.0,1.0,0.0,1505.4508333333335,1238.7341022644382
2.0,34.0,2.0,1.0,0.0,2309.148333333333,2080.504955953323
2.0,37.0,2.0,1.0,0.0,477.28999999999996,418.32268051667097
2.0,40.0,9.0,2.0,0.0,6235.374999999997,2566.113720457448
2.0,41.0,1.0,1.0,0.0,1357.6741666666665,494.1223794545959
2.0,49.0,2.0,1.0,0.0,2669.1499999999996,2275.922322854016
2.0,52.0,3.0,1.0,0.0,894.6866666666665,287.82489310035135
2.0,54.0,1.0,9.0,1.0,36.50166666666667,24.329880674369477
2.0,58.0,4.0,1.0,0.0,6436.7525,5205.922002720558
2.0,71.0,1.0,1.0,0.0,887.4333333333334,735.0616913298531
2.0,72.0,4.0,1.0,0.0,17742.835000000003,8842.512857007108
2.0,82.0,1.0,1.0,0.0,4120.925,781.0375741287356
2.0,83.0,4.0,1.0,0.0,753.1850000000001,615.2081920522088
2.0,87.0,1.0,1.0,0.0,4208.5425000000005,4108.751803839249
2.0,91.0,9.0,4.0,0.0,2738.0499999999993,1924.098238996965
2.0,96.0,5.0,1.0,0.0,4582.05,2204.8969215773054
2.0,97.0,4.0,4.0,0.0,2031.0074999999997,1865.171364178473
3.0,5.0,4.0,1.0,0.0,3826.964166666666,2502.0413416277383
3.0,7.0,1.0,5.0,0.0,1643.0308333333332,1430.4958530412623
3.0,12.0,4.0,1.0,0.0,394.5350000000001,145.1776222352028
3.0,14.0,4.0,4.0,0.0,826.8375,425.5325762158853
3.0,17.0,2.0,1.0,0.0,501.90083333333337,413.0593123970466
3.0,18.0,3.0,2.0,0.0,2306.1583333333333,1592.2953869836062
3.0,19.0,1.0,1.0,0.0,279.2541666666666,177.94778797490937
3.0,22.0,4.0,1.0,0.0,1311.763333333333,885.9206074084317
3.0,24.0,2.0,1.0,0.0,1387.2166666666665,1140.3237470293925
3.0,25.0,10.0,1.0,0.0,537.6416666666668,470.07776363196376
3.0,26.0,4.0,1.0,0.0,691.6075,489.92486117760274
3.0,27.0,4.0,1.0,0.0,139.26500000000001,89.59806654345952
3.0,30.0,7.0,1.0,0.0,313.40166666666664,288.29942297373213
3.0,32.0,1.0,1.0,0.0,1429.0400000000002,923.9445707844883
3.0,33.0,1.0,1.0,0.0,1245.9816666666668,783.6762348285121
3.0,35.0,7.0,1.0,0.0,603.3583333333333,469.912713750896
3.0,54.0,2.0,1.0,0.0,48.593333333333334,24.36628913126118
3.0,55.0,4.0,1.0,0.0,1093.7483333333332,893.4943008136328
3.0,71.0,5.0,1.0,0.0,405.36083333333335,288.7709901826559
3.0,72.0,4.0,1.0,0.0,5803.216666666668,4529.5010561207455
3.0,79.0,4.0,1.0,0.0,904.7308333333334,474.422077061877
3.0,82.0,2.0,1.0,0.0,1791.7566666666664,1108.4130124785668
3.0,96.0,1.0,1.0,0.0,949.8041666666664,461.5714000078007
4.0,5.0,4.0,1.0,0.0,5683.473333333335,5240.678558098159
4.0,7.0,1.0,1.0,0.0,7340.348333333334,5376.312250584729
4.0,10.0,4.0,1.0,0.0,2757.171666666667,1616.8789466146216
4.0,12.0,5.0,1.0,0.0,904.7466666666668,823.1537461840923
4.0,17.0,2.0,1.0,0.0,1367.3283333333336,454.41623942781433
4.0,19.0,10.0,1.0,0.0,672.3475,183.91420855137756
4.0,25.0,1.0,1.0,0.0,1521.3308333333337,1002.2993696364373
4.0,29.0,2.0,1.0,0.0,888.6974999999998,676.2030038289666
4.0,48.0,2.0,1.0,0.0,2019.7866666666669,1927.4085520463293
4.0,58.0,1.0,1.0,1.0,3138.3333333333335,2741.289398297651
4.0,71.0,1.0,1.0,0.0,1444.8533333333328,1106.0763995824987
4.0,72.0,4.0,1.0,0.0,17015.969166666673,12748.348642697145
4.0,82.0,2.0,1.0,0.0,2526.1108333333327,2037.2711611338418
5.0,17.0,1.0,1.0,0.0,375.92666666666656,290.312220832094
5.0,23.0,2.0,1.0,0.0,909.6516666666666,744.8951910005067
5.0,24.0,1.0,1.0,0.0,862.6433333333331,430.58539638107777
5.0,25.0,3.0,1.0,0.0,382.96166666666664,227.03415117372882
5.0,27.0,7.0,1.0,0.0,115.22416666666668,92.35436074333863
5.0,28.0,8.0,2.0,0.0,38.722500000000004,28.923716453361212
5.0,31.0,2.0,1.0,0.0,358.41333333333336,273.6042150330134
5.0,32.0,1.0,1.0,0.0,596.2641666666667,481.59436055504983
5.0,33.0,1.0,1.0,0.0,619.5550000000002,424.3377501865777
5.0,44.0,2.0,1.0,0.0,316.6891666666667,265.57082859620533
5.0,82.0,1.0,1.0,0.0,616.7475000000001,325.537808958131
5.0,90.0,10.0,1.0,0.0,214.34166666666658,157.6201861410519
5.0,92.0,10.0,1.0,0.0,976.4074999999999,583.5726834837662
5.0,96.0,10.0,1.0,0.0,2118.845,588.3862643855205
5.0,97.0,2.0,1.0,0.0,74.2533333333333,44.828910044885646
6.0,8.0,4.0,1.0,0.0,2946.835833333332,1330.0378767982365
6.0,17.0,1.0,1.0,0.0,1561.5500000000004,1250.3474592396649
6.0,18.0,4.0,10.0,0.0,11730.226666666667,6412.634049520879
6.0,19.0,7.0,1.0,0.0,602.2316666666667,362.08968185478324
6.0,26.0,2.0,1.0,0.0,1785.6166666666668,922.1291775697106
6.0,31.0,2.0,1.0,0.0,931.2558333333333,756.6101061527916
6.0,37.0,4.0,1.0,0.0,383.23916666666673,241.0029942646554
6.0,38.0,9.0,2.0,0.0,6298.15833333333,6103.985420583915
6.0,49.0,2.0,1.0,0.0,2131.7016666666673,1863.2442860185577
6.0,52.0,2.0,1.0,0.0,683.3266666666665,361.1566165578885
6.0,80.0,4.0,1.0,0.0,1012.650833333333,419.6991877354003
6.0,82.0,1.0,1.0,0.0,1953.8041666666666,1854.417453288799
6.0,91.0,7.0,7.0,0.0,1604.2524999999998,1357.5322467345134
6.0,93.0,4.0,4.0,0.0,6271.652500000001,3135.7749215305353
6.0,97.0,4.0,4.0,0.0,1331.1200000000001,1067.1104766537153
7.0,8.0,3.0,2.0,0.0,1141.8483333333331,810.9416334223225
7.0,10.0,8.0,9.0,0.0,4098.101666666667,1888.4667147822474
7.0,11.0,6.0,1.0,0.0,4143.699166666666,2089.453233948722
7.0,12.0,8.0,5.0,0.0,2668.5933333333332,1924.4237683781478
7.0,13.0,4.0,1.0,0.0,876.6883333333338,693.3262810026689
7.0,14.0,4.0,1.0,0.0,1041.8574999999998,929.1917353670688
7.0,17.0,5.0,2.0,0.0,1050.1108333333334,993.6453544577198
7.0,20.0,4.0,1.0,0.0,475.68083333333334,185.2126267520073
7.0,23.0,5.0,1.0,0.0,1195.3891666666666,1007.9445269039724
7.0,24.0,4.0,1.0,0.0,556.2433333333335,542.307884017959
7.0,25.0,4.0,1.0,0.0,788.5958333333334,730.2960628239899
7.0,26.0,4.0,1.0,0.0,501.2808333333333,442.62840906433075
7.0,27.0,5.0,1.0,0.0,94.1075,88.03765832148876
7.0,29.0,3.0,1.0,0.0,217.03416666666666,169.13934045394015
7.0,33.0,2.0,1.0,0.0,701.2600000000001,513.3738143848291
7.0,36.0,5.0,1.0,0.0,573.6474999999999,458.1967989692557
7.0,38.0,1.0,1.0,0.0,3860.41,3630.3952982378614
7.0,42.0,7.0,1.0,0.0,924.4824999999997,544.0651100247209
7.0,44.0,3.0,1.0,0.0,414.7908333333333,272.4687620031105
7.0,59.0,0.0,2.0,1.0,66.49,30.24723952535392
7.0,60.0,1.0,1.0,0.0,32.099999999999994,29.220831969204742
7.0,72.0,4.0,4.0,0.0,6654.816666666666,5542.673571358554
7.0,79.0,10.0,6.0,0.0,504.1916666666666,490.4916889591738
7.0,85.0,2.0,1.0,0.0,535.7316666666667,307.81390892624796
7.0,94.0,10.0,1.0,0.0,1062.2033333333334,499.0570628621129
7.0,98.0,4.0,1.0,0.0,129.85583333333332,69.49968525625867
8.0,5.0,4.0,1.0,0.0,3323.1483333333344,3301.7572507653945
8.0,14.0,4.0,1.0,0.0,1140.9683333333335,713.7053012385276
8.0,18.0,4.0,1.0,0.0,5627.591666666666,3487.1102271217646
8.0,23.0,1.0,1.0,0.0,2368.703333333334,1805.7208934484818
8.0,40.0,6.0,2.0,0.0,3078.0500000000006,1919.0924888834124
8.0,42.0,1.0,1.0,0.0,533.1241666666668,375.080735250242
8.0,44.0,2.0,1.0,0.0,633.2058333333333,574.6514347787944
8.0,49.0,5.0,2.0,0.0,958.0666666666666,589.5027397059584
8.0,52.0,5.0,1.0,0.0,493.0308333333333,311.88940920299547
8.0,54.0,1.0,1.0,0.0,70.80499999999999,53.55330844606891
8.0,71.0,2.0,1.0,0.0,827.9183333333332,779.3759900690712
8.0,72.0,4.0,1.0,0.0,8153.051666666666,4291.373645669112
8.0,82.0,1.0,1.0,0.0,1082.1591666666666,1077.8362624060712
8.0,91.0,9.0,9.0,0.0,1383.8008333333328,681.3379451428033
9.0,5.0,4.0,1.0,0.0,2485.5883333333336,2214.168106019772
9.0,7.0,2.0,5.0,0.0,2302.9008333333336,1646.812612275465
9.0,12.0,6.0,2.0,0.0,794.5758333333333,489.3863070024285
9.0,14.0,4.0,5.0,0.0,506.47916666666674,411.7275629633011
9.0,18.0,2.0,1.0,0.0,3992.1074999999996,2098.589357099139
9.0,19.0,1.0,1.0,0.0,297.05583333333334,211.27548528127716
9.0,22.0,4.0,2.0,0.0,1641.5341666666666,1089.9904518348108
9.0,23.0,3.0,1.0,0.0,2268.7675000000004,1898.7989673201757
9.0,24.0,2.0,1.0,0.0,1191.2358333333334,947.9025948323879
9.0,27.0,4.0,1.0,0.0,157.54,108.13834949141689
9.0,28.0,7.0,1.0,0.0,67.53666666666668,66.15149918749368
9.0,31.0,2.0,1.0,0.0,658.4599999999999,348.138989820444
9.0,33.0,1.0,1.0,0.0,1061.4516666666668,895.7942480038724
9.0,34.0,4.0,1.0,0.0,850.2208333333334,729.5558255030406
9.0,52.0,1.0,1.0,0.0,223.58666666666667,185.4830982133136
9.0,82.0,1.0,1.0,0.0,1238.2691666666667,630.9425396309257
9.0,85.0,1.0,1.0,0.0,302.055,235.93483785157295
9.0,96.0,5.0,1.0,0.0,422.32333333333327,382.9281000160747
10.0,12.0,5.0,2.0,0.0,575.0300000000001,475.90280479563165
10.0,18.0,3.0,8.0,0.0,11358.796666666667,10177.594118256055
10.0,19.0,2.0,1.0,0.0,355.7225,275.15325453462964
10.0,37.0,1.0,1.0,0.0,295.93333333333334,250.30541948037822
10.0,40.0,8.0,6.0,0.0,3431.979999999998,2991.3212796704647
10.0,44.0,4.0,1.0,0.0,809.1333333333332,682.387479634784
10.0,49.0,3.0,1.0,0.0,2935.171666666667,1503.0552400443974
10.0,56.0,7.0,1.0,0.0,403.6758333333333,286.0869922346958
10.0,60.0,2.0,1.0,0.0,80.25,52.33396184568514
10.0,80.0,1.0,1.0,1.0,362.93000000000006,355.7997593913587
10.0,85.0,1.0,1.0,0.0,416.2016666666666,349.26291073536703
10.0,91.0,4.0,1.0,0.0,1217.6516666666664,987.4302277075417
10.0,98.0,1.0,1.0,0.0,247.83916666666664,239.80019330721817
11.0,5.0,4.0,1.0,0.0,4729.235833333333,3400.758378491621
11.0,7.0,1.0,1.0,0.0,7391.8125,5223.679765048645
11.0,10.0,4.0,2.0,0.0,1845.5758333333326,1098.8731920796347
11.0,12.0,4.0,2.0,0.0,522.7383333333333,371.08040178043956
11.0,14.0,1.0,1.0,0.0,2558.178333333333,2436.141509057482
11.0,22.0,2.0,1.0,0.0,1779.1925,1050.3464206370113
11.0,27.0,4.0,1.0,0.0,348.17249999999996,328.5505548081956
11.0,37.0,2.0,1.0,0.0,311.34166666666664,254.7188801765963
11.0,38.0,5.0,5.0,0.0,7915.799999999999,7430.188122734652
11.0,40.0,8.0,10.0,0.0,2896.0608333333334,1964.4026310478664
11.0,41.0,1.0,1.0,0.0,467.00416666666666,418.44859782269276
11.0,49.0,2.0,1.0,0.0,1551.4175000000002,813.0364396107717
11.0,54.0,10.0,2.0,0.0,55.731666666666676,53.16308761766286
11.0,71.0,3.0,1.0,0.0,1829.190833333334,1102.062024631694
11.0,82.0,1.0,1.0,0.0,2401.058333333334,2050.1292272820115
11.0,83.0,5.0,4.0,0.0,426.62166666666667,221.56575586531085
11.0,85.0,2.0,1.0,0.0,368.89333333333326,316.2300096851175
11.0,91.0,9.0,10.0,0.0,1897.7433333333338,1603.239446607454
12.0,12.0,5.0,1.0,0.0,538.3824999999999,527.7803851657999
12.0,17.0,3.0,1.0,0.0,1107.8291666666667,1052.8309080456213
12.0,19.0,2.0,1.0,0.0,694.3358333333332,392.18711917285805
12.0,29.0,4.0,1.0,0.0,1221.2291666666667,1082.92917929283
12.0,36.0,10.0,5.0,0.0,1101.5966666666668,605.3516211927255
12.0,46.0,2.0,1.0,0.0,1980.3683333333338,804.0320327797699
12.0,54.0,10.0,1.0,0.0,53.800000000000004,27.41900791556561
12.0,60.0,1.0,1.0,0.0,110.03333333333332,98.04223212075698
12.0,82.0,2.0,1.0,0.0,1201.73,868.1209554673329
12.0,95.0,8.0,1.0,0.0,2654.4208333333336,2621.582292454556
12.0,97.0,9.0,4.0,0.0,242.98499999999999,152.9345646976009
12.0,98.0,8.0,1.0,0.0,300.605,198.52233625420823
13.0,5.0,2.0,1.0,0.0,11671.388333333334,10157.069268336303
13.0,11.0,4.0,2.0,0.0,2305.3691666666673,1447.932562854071
13.0,14.0,4.0,5.0,0.0,3623.0950000000007,2155.1253915714346
13.0,17.0,2.0,1.0,0.0,1316.1200000000003,1135.886374274482
13.0,18.0,4.0,1.0,0.0,15314.995833333334,11043.548522261452
13.0,19.0,3.0,1.0,0.0,1292.5433333333333,757.7336732369741
13.0,22.0,2.0,5.0,0.0,2245.15,958.0815011403537
13.0,23.0,1.0,1.0,0.0,3844.205833333333,3067.4797956452785
13.0,24.0,2.0,5.0,0.0,3823.878333333334,3532.0761802920515
13.0,25.0,1.0,1.0,0.0,3069.2983333333336,2569.990074816725
13.0,27.0,2.0,1.0,0.0,727.9,504.4955218627688
13.0,29.0,2.0,1.0,0.0,654.9183333333334,586.5016737351016
13.0,30.0,8.0,1.0,0.0,702.6158333333336,501.7756181242162
13.0,31.0,2.0,1.0,0.0,2263.6175,2212.5174884859744
13.0,32.0,1.0,1.0,0.0,1145.0291666666662,1008.6820730900772
13.0,36.0,4.0,1.0,0.0,2689.059166666667,1319.2018835359304
13.0,37.0,5.0,1.0,0.0,197.4358333333333,189.2936789276325
13.0,40.0,5.0,2.0,0.0,5240.671666666666,3068.772785014486
13.0,49.0,2.0,1.0,0.0,1577.4825,1360.0952750906442
13.0,52.0,4.0,2.0,0.0,923.7533333333331,536.3320164451999
13.0,54.0,1.0,1.0,1.0,39.93666666666667,19.701361870790073
13.0,58.0,2.0,1.0,0.0,3921.3333333333335,3760.7831467527944
13.0,81.0,9.0,2.0,0.0,1435.7608333333326,1279.0498346576696
13.0,82.0,1.0,1.0,0.0,1565.9641666666664,1543.9596052486297
13.0,97.0,9.0,4.0,0.0,1654.7658333333338,1448.6243400273368
14.0,2.0,4.0,2.0,0.0,14492.226666666664,10459.000356124692
14.0,9.0,5.0,1.0,0.0,4987.140833333334,4020.6828576038984
14.0,10.0,4.0,1.0,0.0,4745.68,4712.756930145112
14.0,12.0,6.0,1.0,0.0,951.8558333333334,725.413163974475
14.0,24.0,1.0,1.0,0.0,2202.8325,1938.6778003491056
14.0,25.0,2.0,1.0,0.0,3391.7641666666673,2791.3319396347783
14.0,27.0,3.0,1.0,0.0,317.3316666666667,316.411744690532
14.0,33.0,1.0,5.0,0.0,2025.7425000000003,1281.741169393606
14.0,35.0,3.0,5.0,0.0,846.1833333333329,446.0333139850298
14.0,41.0,2.0,1.0,0.0,1443.3858333333335,704.9027678409947
14.0,42.0,3.0,1.0,0.0,1875.7116666666668,1149.995538546186
14.0,52.0,4.0,1.0,0.0,966.9658333333333,471.0191952503951
14.0,54.0,1.0,5.0,1.0,55.051666666666655,21.313133349367497
14.0,58.0,2.0,1.0,0.0,8279.458333333334,7232.533942662624
14.0,72.0,4.0,1.0,0.0,19681.883333333335,16563.420795505735
14.0,82.0,1.0,1.0,0.0,6509.125,4772.520703147383
14.0,85.0,1.0,1.0,0.0,568.475,566.4194479379055
14.0,87.0,1.0,1.0,0.0,2248.2166666666667,1686.6803000612724
15.0,10.0,2.0,1.0,0.0,775.1399999999999,731.8812888669489
15.0,17.0,2.0,1.0,0.0,898.2966666666667,837.500817120062
15.0,18.0,3.0,8.0,0.0,3433.1199999999994,3432.71811616734
15.0,21.0,1.0,1.0,0.0,336.92833333333334,246.2779528554474
15.0,22.0,1.0,1.0,0.0,1297.0825000000002,773.543306033232
15.0,24.0,2.0,1.0,0.0,1262.8616666666667,1127.006440848772
15.0,25.0,2.0,1.0,0.0,1233.6274999999998,924.7763790332971
15.0,26.0,2.0,1.0,0.0,916.2666666666665,820.8702427688546
15.0,27.0,4.0,1.0,0.0,272.6266666666666,175.48092167090456
15.0,35.0,2.0,1.0,0.0,737.0483333333333,499.14087370789895
15.0,42.0,4.0,1.0,0.0,436.9733333333332,345.4503208666308
15.0,44.0,3.0,1.0,0.0,468.58250000000004,302.79668825995157
15.0,54.0,2.0,1.0,0.0,26.236666666666665,21.906422974843107
15.0,82.0,1.0,1.0,0.0,954.5275,881.9720105983133
15.0,90.0,5.0,1.0,0.0,263.71333333333337,171.76596320915215
15.0,91.0,0.0,4.0,0.0,272.27083333333337,168.6817562700238
15.0,93.0,6.0,1.0,0.0,84.81500000000001,69.53399031779848
15.0,96.0,8.0,1.0,0.0,846.2325,406.54354349486465
16.0,2.0,10.0,1.0,0.0,1969.1708333333336,1624.6825063984618
16.0,4.0,4.0,1.0,0.0,962.0850000000004,844.694317152503
16.0,8.0,6.0,1.0,0.0,701.170833333333,348.95420277661896
16.0,10.0,6.0,1.0,0.0,1420.2866666666662,1091.1019719278486
16.0,14.0,4.0,1.0,0.0,1295.9016666666669,966.3797823846368
16.0,20.0,4.0,1.0,0.0,351.1966666666668,266.0943905158085
16.0,23.0,2.0,5.0,0.0,1269.2199999999998,939.368719489859
16.0,24.0,2.0,1.0,0.0,501.3541666666667,419.7161439422409
16.0,25.0,1.0,1.0,0.0,640.1941666666665,471.70254933027894
16.0,26.0,4.0,1.0,0.0,453.11999999999995,253.14474123201043
16.0,27.0,1.0,1.0,0.0,106.67833333333334,88.18920718305048
16.0,29.0,2.0,1.0,0.0,210.22000000000003,199.46239771846103
16.0,31.0,4.0,1.0,0.0,337.7808333333334,332.7097891114795
16.0,33.0,1.0,1.0,0.0,366.4700000000001,310.03767441115195
16.0,35.0,1.0,1.0,1.0,593.6333333333333,21.77771019096254
16.0,36.0,4.0,1.0,0.0,708.1825,702.0546668415923
16.0,44.0,2.0,1.0,0.0,728.9691666666668,645.7401514363364
16.0,52.0,4.0,1.0,0.0,494.0741666666667,217.9856287580677
16.0,74.0,6.0,1.0,0.0,973.7533333333334,694.9206037907878
16.0,80.0,8.0,1.0,1.0,502.8533333333333,490.5721170152078
16.0,85.0,2.0,1.0,0.0,819.1941666666668,718.5609238359149
16.0,95.0,6.0,1.0,0.0,3239.2925,1265.5804023944909
16.0,96.0,2.0,1.0,0.0,188.795,40.53301213115754
17.0,5.0,4.0,1.0,0.0,5584.999166666666,5106.431251312432
17.0,23.0,1.0,1.0,0.0,1312.8375,1284.1833081122952
17.0,29.0,2.0,1.0,0.0,317.9775,156.2384086760583
17.0,30.0,8.0,1.0,0.0,463.8775,266.893148697084
17.0,31.0,3.0,1.0,0.0,1242.9416666666664,512.2380643185797
17.0,32.0,1.0,1.0,0.0,710.2616666666668,377.6023486057361
17.0,35.0,2.0,1.0,0.0,545.6241666666666,293.246601600561
17.0,36.0,5.0,1.0,0.0,2641.915833333333,890.1087874359456
17.0,41.0,2.0,1.0,0.0,47.99083333333334,36.654511298083555
17.0,48.0,3.0,1.0,0.0,2047.25,1768.2861167115573
17.0,52.0,4.0,1.0,0.0,725.1974999999999,478.28618152142695
17.0,82.0,2.0,1.0,0.0,2185.8608333333336,1933.9161680694235
17.0,83.0,1.0,1.0,0.0,123.45416666666667,90.38294629376547
17.0,95.0,8.0,2.0,0.0,5919.100833333335,4047.6161697556836
17.0,98.0,2.0,1.0,0.0,208.95416666666665,179.61473229861465
18.0,4.0,4.0,2.0,0.0,2995.724166666667,1441.5912021917202
18.0,10.0,1.0,1.0,0.0,2202.8141666666675,1542.6014180029208
18.0,14.0,4.0,5.0,0.0,3529.3208333333328,2617.1218221094546
18.0,17.0,10.0,2.0,0.0,3406.1725,1711.1533365300722
18.0,20.0,7.0,1.0,0.0,1392.3208333333334,1058.9879606449765
18.0,22.0,1.0,1.0,0.0,1886.8025000000005,1195.1320398166165
18.0,25.0,1.0,1.0,0.0,2507.573333333333,1473.365169441776
18.0,26.0,4.0,1.0,0.0,2034.5033333333329,1801.4364707731238
18.0,28.0,7.0,2.0,0.0,253.02083333333334,215.67933922703696
18.0,29.0,1.0,1.0,0.0,1430.3908333333331,946.2116501320073
18.0,30.0,8.0,2.0,0.0,1111.940833333333,833.8062419720472
18.0,31.0,2.0,1.0,0.0,1813.1225000000002,1148.331855145214
18.0,35.0,4.0,1.0,0.0,533.0858333333332,308.4926700003112
18.0,36.0,10.0,1.0,0.0,538.7991666666667,409.96475533690005
18.0,41.0,3.0,1.0,0.0,265.1,235.78532713163088
18.0,42.0,2.0,2.0,0.0,714.5541666666664,549.8705215130433
18.0,49.0,1.0,1.0,0.0,2307.2941666666666,1493.7641235369847
18.0,54.0,1.0,7.0,1.0,44.025000000000006,31.709614027666273
18.0,58.0,1.0,2.0,1.0,2662.7083333333335,1980.7154826948927
18.0,60.0,1.0,1.0,0.0,49.76666666666667,35.50268494448981
18.0,79.0,4.0,1.0,0.0,2893.9558333333334,1519.986397791454
18.0,82.0,1.0,1.0,0.0,3038.9908333333333,2768.018835126672
18.0,85.0,1.0,1.0,0.0,570.9733333333332,305.640534243847
18.0,87.0,4.0,1.0,0.0,3639.0699999999997,2163.667337715317
19.0,10.0,2.0,1.0,0.0,3127.9575000000004,2028.7427600987955
19.0,12.0,10.0,3.0,0.0,619.6875000000001,560.8420650839151
19.0,18.0,4.0,2.0,0.0,10486.31,4985.235533203828
19.0,23.0,1.0,1.0,0.0,2624.269166666666,1680.3970851814659
19.0,25.0,2.0,1.0,0.0,1571.2358333333334,785.2666864054136
19.0,26.0,2.0,5.0,0.0,1235.8633333333335,1178.2550175038168
19.0,29.0,1.0,1.0,0.0,699.725,553.5641655718937
19.0,54.0,1.0,3.0,1.0,42.79999999999999,36.48806668017361
19.0,58.0,1.0,1.0,0.0,3991.25,2990.724801333625
19.0,60.0,1.0,1.0,0.0,113.33333333333331,83.73602074350673
19.0,79.0,4.0,1.0,0.0,2142.475,1625.3226548779496
19.0,82.0,1.0,1.0,0.0,1876.7825000000003,1729.7643343006114
19.0,87.0,2.0,1.0,0.0,4560.796666666666,4270.6878641549365
19.0,91.0,9.0,6.0,0.0,5103.7716666666665,1417.1245352545163
20.0,4.0,4.0,4.0,0.0,2042.4466666666667,1380.2583737925033
20.0,7.0,2.0,5.0,0.0,11516.645833333334,9231.961412907194
20.0,18.0,4.0,1.0,0.0,9100.488333333333,4247.199635713253
20.0,26.0,2.0,1.0,0.0,1864.125,1824.687182582148
20.0,27.0,3.0,1.0,0.0,357.90916666666664,323.1215821121032
20.0,35.0,2.0,1.0,0.0,1121.6916666666668,1078.7817433959249
20.0,48.0,2.0,1.0,0.0,2652.6683333333335,2489.7467903730767
20.0,49.0,4.0,2.0,0.0,2721.8933333333334,2269.6276369446005
20.0,52.0,2.0,1.0,0.0,507.67499999999995,410.3490784816004
20.0,60.0,1.0,1.0,0.0,84.76666666666667,63.197417002876286
20.0,72.0,4.0,1.0,0.0,18772.382500000003,10746.907979222637
20.0,79.0,4.0,4.0,0.0,3456.2475,3439.7773279833623
20.0,82.0,1.0,1.0,0.0,2633.3008333333332,1543.0346026039824
20.0,93.0,9.0,4.0,0.0,2876.709166666666,1779.4816510250664
20.0,95.0,9.0,4.0,0.0,5625.074999999997,2943.576714542127
21.0,9.0,5.0,1.0,0.0,2032.4800000000002,1671.6017646191322
21.0,10.0,4.0,1.0,0.0,2366.4783333333335,1662.5626702868433
21.0,12.0,5.0,1.0,0.0,239.78416666666658,216.0993057867296
21.0,19.0,5.0,1.0,0.0,215.3841666666667,189.50944816115404
21.0,21.0,1.0,1.0,0.0,278.6349999999999,189.52871877152506
21.0,34.0,2.0,1.0,0.0,2189.6991666666668,1837.6899109220724
21.0,40.0,4.0,1.0,0.0,1783.9208333333336,1355.3521850063335
21.0,41.0,4.0,1.0,0.0,1444.9033333333334,758.4376709137338
21.0,42.0,5.0,1.0,0.0,689.7433333333333,502.9453758796806
21.0,49.0,1.0,1.0,0.0,1620.4183333333337,1230.3290926331726
21.0,60.0,2.0,1.0,0.0,66.8,40.423308170890444
22.0,4.0,4.0,1.0,0.0,2590.6900000000005,1642.898052601826
22.0,9.0,6.0,1.0,0.0,3406.836666666666,2062.3481247866443
22.0,17.0,4.0,1.0,0.0,1553.5283333333334,1537.8609845466017
22.0,18.0,3.0,2.0,0.0,6878.891666666667,6217.070915622018
22.0,21.0,1.0,1.0,0.0,885.8358333333332,786.1105617176203
22.0,22.0,1.0,1.0,0.0,1824.6841666666667,1040.9248778752137
22.0,23.0,1.0,1.0,0.0,3261.7600000000007,2885.469618411331
22.0,25.0,10.0,8.0,0.0,1148.4541666666667,1093.2250181526585
22.0,27.0,4.0,1.0,0.0,356.37916666666666,348.45824818563113
22.0,34.0,6.0,1.0,0.0,3171.419166666668,1435.2351165024913
22.0,35.0,4.0,1.0,0.0,756.0975000000002,647.7004814496421
22.0,36.0,10.0,1.0,0.0,451.8933333333334,262.5311217516438
22.0,42.0,3.0,2.0,0.0,597.4008333333333,534.3191240429727
22.0,58.0,1.0,2.0,1.0,2575.8775,2078.9802092642453
22.0,60.0,1.0,1.0,0.0,148.53333333333333,58.9158977834461
22.0,81.0,6.0,1.0,0.0,1363.7516666666666,627.3056386168499
22.0,82.0,1.0,1.0,0.0,3014.2391666666667,1564.7161187020913
22.0,85.0,1.0,1.0,0.0,398.4283333333333,303.8059840380535
22.0,91.0,4.0,6.0,0.0,1366.6458333333328,1162.4261592638647
22.0,94.0,1.0,1.0,1.0,683.8841666666667,39.89916105002132
22.0,97.0,4.0,4.0,0.0,462.4833333333333,256.50108346412935
22.0,98.0,1.0,1.0,0.0,105.60583333333334,72.77760167139179
23.0,9.0,7.0,1.0,0.0,4783.745,3849.4137289307214
23.0,10.0,2.0,1.0,0.0,1245.7925000000005,1012.4197123492535
23.0,12.0,10.0,2.0,0.0,768.6658333333335,652.9688251754684
23.0,18.0,3.0,2.0,0.0,8078.535,7567.025543274888
23.0,19.0,10.0,1.0,0.0,497.9275,285.3727569577864
23.0,25.0,2.0,1.0,0.0,1415.9283333333333,1167.9667926003294
23.0,29.0,2.0,1.0,0.0,1130.3550000000002,1091.4803702850252
23.0,35.0,4.0,1.0,0.0,705.0674999999998,512.8806929519466
23.0,40.0,10.0,2.0,0.0,4725.248333333334,3892.695245195607
23.0,54.0,1.0,2.0,1.0,83.04166666666667,55.63038521408822
23.0,72.0,4.0,1.0,0.0,10257.1975,9244.195609872559
23.0,82.0,2.0,1.0,0.0,3920.106666666666,2575.9769986073234
23.0,85.0,1.0,1.0,0.0,686.0366666666665,666.4845057641468
23.0,98.0,1.0,1.0,0.0,100.13333333333334,90.18692681280835
23.0,50.0,2.0,1.0,0.0,1290.5,1033.8108275907573
24.0,9.0,8.0,1.0,0.0,5354.772499999999,5188.096498335943
24.0,10.0,3.0,1.0,0.0,3312.41,1798.817731547386
24.0,12.0,9.0,2.0,0.0,663.8191666666665,363.80813498326273
24.0,13.0,8.0,1.0,0.0,2232.303333333333,1811.6423047241851
24.0,14.0,4.0,5.0,0.0,1772.2383333333328,1735.402958842582
24.0,17.0,4.0,1.0,0.0,1084.4216666666669,683.1717136879561
24.0,18.0,4.0,2.0,0.0,5148.903333333335,3713.937160890622
24.0,22.0,1.0,1.0,0.0,1951.8233333333335,1528.2414521271642
24.0,23.0,1.0,1.0,0.0,3941.8241666666654,3403.613768731315
24.0,25.0,1.0,1.0,0.0,1631.0308333333335,1325.0969196502424
24.0,26.0,2.0,1.0,0.0,974.1933333333336,880.4915875936184
24.0,34.0,5.0,1.0,0.0,1638.9049999999995,1462.9371549091811
24.0,37.0,4.0,1.0,0.0,413.4433333333332,240.00676830135953
24.0,42.0,5.0,2.0,0.0,702.0649999999999,493.88212462012024
24.0,44.0,1.0,1.0,0.0,508.0808333333334,365.7312853035883
24.0,52.0,4.0,1.0,0.0,625.3791666666667,370.62035482985124
24.0,54.0,9.0,2.0,0.0,71.87666666666668,49.918176451836594
24.0,60.0,2.0,1.0,0.0,39.0,27.734518699230858
24.0,71.0,2.0,1.0,0.0,1159.4858333333332,666.774489612364
24.0,81.0,9.0,4.0,0.0,1183.5950000000003,613.7696950328142
24.0,82.0,1.0,1.0,0.0,2744.0175000000004,1132.8890082109335
24.0,83.0,1.0,1.0,0.0,628.3550000000001,541.0917377241535
25.0,4.0,4.0,2.0,0.0,829.2766666666672,764.2695898342854
25.0,18.0,4.0,2.0,0.0,4718.087500000001,3107.07078496416
25.0,23.0,2.0,1.0,0.0,1872.4975000000002,1209.7371522125575
25.0,24.0,2.0,1.0,0.0,570.0733333333333,525.6029403483003
25.0,25.0,2.0,1.0,0.0,900.6591666666667,394.49550045704797
25.0,26.0,3.0,1.0,0.0,674.17,636.2384278903343
25.0,29.0,1.0,1.0,0.0,722.9691666666666,400.53448523815473
25.0,31.0,2.0,1.0,0.0,365.29750000000007,327.32178760650413
25.0,33.0,2.0,1.0,0.0,566.7483333333333,296.1998678017607
25.0,37.0,4.0,1.0,0.0,347.70083333333326,334.0771635104962
25.0,40.0,2.0,2.0,0.0,3293.4874999999993,1512.5769620447961
25.0,42.0,2.0,1.0,0.0,498.77333333333326,435.1887146512149
25.0,52.0,2.0,1.0,0.0,525.0383333333333,252.69746960712337
25.0,71.0,1.0,1.0,0.0,730.1174999999998,534.5464819354326
25.0,82.0,1.0,1.0,0.0,923.7766666666665,662.5911577763603
25.0,87.0,2.0,1.0,0.0,723.0366666666665,700.254802367228
25.0,91.0,2.0,1.0,0.0,518.1391666666667,422.0757187262866
26.0,5.0,4.0,1.0,0.0,3067.7316666666666,2400.396059888767
26.0,6.0,4.0,4.0,0.0,1380.5891666666666,1135.8916463288672
26.0,10.0,2.0,1.0,0.0,1046.0024999999998,852.5094913588022
26.0,14.0,1.0,5.0,0.0,685.0091666666663,628.0722988478223
26.0,18.0,4.0,2.0,0.0,3064.5108333333337,1572.8015812180754
26.0,19.0,3.0,1.0,0.0,315.5008333333333,289.60500207710385
26.0,20.0,3.0,1.0,0.0,477.68833333333333,387.15301471417865
26.0,21.0,2.0,1.0,0.0,542.9708333333332,466.71610641752926
26.0,29.0,1.0,1.0,0.0,611.1016666666667,497.69937832099413
26.0,31.0,2.0,1.0,0.0,445.33583333333337,206.57244491698012
26.0,34.0,1.0,1.0,0.0,895.2791666666667,547.4761363576447
26.0,35.0,2.0,1.0,0.0,390.58333333333326,307.2289669020542
26.0,36.0,3.0,1.0,0.0,394.90333333333336,295.2671649677507
26.0,42.0,4.0,1.0,0.0,458.3783333333333,298.28812001595566
26.0,52.0,2.0,1.0,0.0,566.0316666666666,285.2626425317697
26.0,54.0,1.0,3.0,1.0,35.5,26.043122612997337
26.0,71.0,1.0,1.0,0.0,707.5841666666669,460.26762593897416
26.0,80.0,5.0,10.0,0.0,947.043333333334,879.2435076533111
26.0,82.0,2.0,1.0,0.0,1243.1991666666668,1023.8691846908605
26.0,85.0,2.0,1.0,0.0,341.24583333333334,199.02018117022143
26.0,94.0,8.0,6.0,0.0,2521.942499999999,2354.9151323249775
26.0,95.0,9.0,10.0,0.0,4378.433333333331,3008.076323626529
26.0,97.0,9.0,10.0,0.0,829.8783333333337,623.4863012438341
27.0,4.0,4.0,1.0,0.0,3231.191666666667,2779.244665691837
27.0,10.0,2.0,1.0,0.0,3730.2366666666658,3189.8056638374005
27.0,12.0,8.0,2.0,0.0,589.3008333333332,385.0722541802
27.0,13.0,5.0,1.0,0.0,3856.308333333333,3126.707030040306
27.0,22.0,0.0,1.0,0.0,2346.6675,1496.5217702968155
27.0,23.0,2.0,1.0,0.0,3285.833333333332,2529.1947529748413
27.0,25.0,2.0,1.0,0.0,1216.5183333333332,888.382558976893
27.0,29.0,1.0,1.0,0.0,1050.746666666667,559.2387827934097
27.0,33.0,2.0,1.0,0.0,1903.301666666667,1643.527334203313
27.0,35.0,4.0,1.0,0.0,679.7016666666668,548.5222683179385
27.0,36.0,10.0,1.0,0.0,764.6533333333332,742.467605627117
27.0,41.0,1.0,1.0,0.0,428.98666666666674,304.8250698877564
27.0,42.0,3.0,2.0,0.0,1223.1891666666666,754.1208933434605
27.0,44.0,2.0,1.0,0.0,658.2175000000001,440.3694916922507
27.0,60.0,2.0,1.0,0.0,33.5,22.385404144719576
28.0,10.0,4.0,2.0,0.0,1988.4325000000001,922.1766607617019
28.0,18.0,3.0,1.0,0.0,8055.4725,5629.429656387314
28.0,21.0,5.0,1.0,0.0,747.8183333333333,451.04825805890977
28.0,37.0,6.0,1.0,0.0,429.39416666666665,183.7088394373233
28.0,40.0,6.0,6.0,0.0,2120.617499999998,1834.7769985118932
28.0,41.0,1.0,1.0,0.0,596.5291666666667,290.1171296730219
28.0,42.0,1.0,1.0,0.0,675.705,479.6268300500344
28.0,49.0,4.0,1.0,0.0,1488.1633333333332,1405.681259129554
28.0,58.0,6.0,1.0,0.0,6113.8966666666665,5328.867169472488
28.0,81.0,9.0,9.0,0.0,1415.9066666666668,919.4645351804553
28.0,85.0,4.0,1.0,0.0,326.29833333333335,279.77594592929137
28.0,96.0,1.0,1.0,0.0,2994.1975,2196.550926936961
29.0,2.0,1.0,1.0,0.0,2283.745833333333,1738.122964384017
29.0,17.0,4.0,1.0,0.0,978.2108333333334,858.0109353081443
29.0,18.0,2.0,2.0,0.0,2825.0716666666667,2204.4336686006577
29.0,25.0,1.0,1.0,0.0,870.8449999999999,785.7358899848809
29.0,26.0,2.0,1.0,0.0,924.9658333333336,740.0889079116506
29.0,35.0,3.0,1.0,0.0,547.4,358.8169036401485
29.0,42.0,1.0,1.0,0.0,416.055,283.03396330575424
29.0,52.0,4.0,2.0,0.0,297.215,255.87872581870943
29.0,54.0,1.0,2.0,1.0,28.528333333333336,27.169589822818278
29.0,60.0,2.0,3.0,0.0,72.45,65.82273829117412
29.0,80.0,1.0,1.0,0.0,37.171666666666674,36.91139974486036
29.0,82.0,1.0,1.0,0.0,1807.449166666666,1102.6526552843618
29.0,83.0,4.0,1.0,0.0,172.26416666666668,114.47851527036524
30.0,2.0,10.0,2.0,0.0,713.435833333333,434.6781670795035
30.0,3.0,1.0,1.0,0.0,390.90000000000003,300.05932332803496
30.0,5.0,1.0,1.0,0.0,223.41249999999994,126.90123823431696
30.0,6.0,5.0,3.0,0.0,21.0525,10.706293597485649
30.0,9.0,5.0,1.0,0.0,53.555,46.67139452369124
30.0,11.0,5.0,3.0,0.0,150.12333333333333,148.5897696734211
30.0,14.0,4.0,4.0,0.0,194.71833333333333,152.10766706754708
30.0,17.0,2.0,1.0,0.0,154.3191666666667,144.45931872712615
30.0,31.0,1.0,6.0,1.0,57.91833333333332,55.26350773823476
30.0,32.0,1.0,1.0,1.0,31.698333333333334,10.681267549217173
30.0,40.0,5.0,2.0,0.0,2032.375,869.2569176459374
30.0,72.0,2.0,2.0,0.0,33.31166666666667,26.663522659506224
30.0,80.0,7.0,1.0,0.0,2101.9566666666665,312.60540122018625
30.0,82.0,1.0,1.0,0.0,529.4050000000001,511.2668190059116
30.0,87.0,1.0,3.0,1.0,133.815,118.16357790297633
30.0,97.0,4.0,1.0,0.0,1562.2899999999997,316.2616755239519
31.0,10.0,5.0,2.0,0.0,3155.2899999999995,1771.1758973913547
31.0,22.0,1.0,1.0,0.0,783.0425,728.1735380417937
31.0,34.0,5.0,1.0,0.0,1649.796666666667,1030.1998942253915
31.0,37.0,4.0,1.0,0.0,751.0791666666668,714.7798997446931
31.0,41.0,1.0,1.0,0.0,708.5366666666667,464.9097689486198
31.0,54.0,1.0,5.0,1.0,49.035,41.805627508427285
31.0,83.0,9.0,10.0,0.0,823.3900000000003,552.6669384019033
31.0,85.0,1.0,1.0,0.0,340.29,320.76760865135753
31.0,87.0,10.0,2.0,0.0,1236.3466666666666,873.7070994292379
32.0,5.0,4.0,1.0,0.0,3220.8141666666666,3091.360548804787
32.0,9.0,9.0,1.0,0.0,5597.478333333333,2019.041858282143
32.0,17.0,2.0,1.0,0.0,1261.9408333333336,872.4322054654112
32.0,18.0,4.0,8.0,0.0,6598.143333333333,2697.8365010628954
32.0,19.0,2.0,1.0,0.0,325.1516666666667,279.21633019494175
32.0,20.0,5.0,2.0,0.0,573.5266666666666,555.1053239800355
32.0,25.0,2.0,1.0,0.0,956.0124999999999,701.2102644535904
32.0,26.0,4.0,1.0,0.0,1008.4575000000001,885.2560908441782
32.0,29.0,1.0,1.0,0.0,452.97166666666675,390.0359617052827
32.0,32.0,1.0,1.0,0.0,518.6274999999998,405.8136832777307
32.0,34.0,4.0,1.0,0.0,1416.5566666666664,999.2421649808897
32.0,35.0,3.0,1.0,0.0,269.9816666666666,241.99356109354153
32.0,36.0,3.0,1.0,0.0,536.5875,343.967015306444
32.0,44.0,2.0,1.0,0.0,660.2283333333335,633.4924434100819
32.0,46.0,4.0,1.0,0.0,1903.5399999999997,1267.9991069318341
32.0,82.0,1.0,1.0,0.0,1456.9766666666674,770.2523436924339
32.0,83.0,4.0,2.0,0.0,249.4608333333333,245.7774867388157
32.0,91.0,4.0,4.0,0.0,2305.869999999999,1218.167716503048
32.0,93.0,4.0,4.0,0.0,1613.149166666667,1560.4387417897503
32.0,94.0,8.0,2.0,0.0,2870.1758333333332,1812.0991270326176
32.0,96.0,7.0,1.0,0.0,217.33000000000007,140.41382816504742
32.0,98.0,1.0,1.0,0.0,800.4866666666667,501.5098319741865
33.0,9.0,5.0,1.0,0.0,25.449166666666667,17.94781901661643
33.0,11.0,5.0,1.0,0.0,55.6575,46.67793266809803
33.0,17.0,9.0,1.0,0.0,43.307500000000005,35.84449290470284
33.0,20.0,3.0,1.0,0.0,27.421666666666663,21.516671187038792
33.0,46.0,5.0,1.0,0.0,316.64166666666665,123.27786800174987
33.0,67.0,1.0,1.0,0.0,186.6583333333333,168.7277967545701
33.0,74.0,1.0,1.0,0.0,73.78666666666665,69.51417417708213
33.0,87.0,5.0,1.0,0.0,150.525,94.81480952859677
34.0,5.0,4.0,1.0,0.0,3710.8241666666668,3708.089817590777
34.0,8.0,2.0,2.0,0.0,1981.41,791.7737199049476
34.0,10.0,1.0,1.0,0.0,1550.9941666666666,1448.4844769324707
34.0,12.0,4.0,1.0,0.0,629.6891666666667,353.70699669712917
34.0,14.0,4.0,4.0,0.0,1108.2183333333335,1007.2442740495022
34.0,17.0,2.0,1.0,0.0,672.125,344.6828399438741
34.0,18.0,3.0,1.0,0.0,3653.546666666667,2979.4307167228453
34.0,21.0,1.0,1.0,0.0,559.4683333333331,495.9599914510042
34.0,25.0,1.0,1.0,0.0,708.4891666666666,630.0860317413315
34.0,26.0,4.0,5.0,0.0,902.43,723.0272119918571
34.0,29.0,4.0,1.0,0.0,480.9049999999999,233.62695602895744
34.0,30.0,4.0,1.0,0.0,307.83666666666664,298.41292877438514
34.0,33.0,1.0,1.0,0.0,853.0783333333333,812.8082301553363
34.0,37.0,4.0,1.0,0.0,264.5158333333334,211.5415902413532
34.0,41.0,7.0,1.0,0.0,680.4383333333334,589.4214571816925
34.0,42.0,2.0,1.0,0.0,372.5816666666665,277.25463359224347
34.0,44.0,1.0,1.0,0.0,796.6516666666665,652.000434546724
34.0,49.0,1.0,8.0,1.0,1175.6983333333335,961.1397657664028
34.0,52.0,1.0,1.0,0.0,336.2325,243.10779521966165
34.0,67.0,1.0,1.0,0.0,1037.6724999999997,500.390582747004
34.0,82.0,2.0,1.0,0.0,1356.6333333333332,818.1492085034362
34.0,83.0,6.0,1.0,0.0,427.5858333333333,348.48919381693963
35.0,17.0,10.0,1.0,0.0,1112.5041666666668,1042.1277770394654
35.0,25.0,5.0,1.0,0.0,1068.7166666666665,842.5477962875196
35.0,33.0,4.0,1.0,0.0,1865.2475000000002,1710.088442433119
35.0,35.0,7.0,1.0,0.0,774.8991666666667,413.4686440521288
35.0,41.0,1.0,1.0,0.0,1041.2991666666667,457.2555465409071
35.0,46.0,2.0,1.0,0.0,3247.585833333333,1504.7702786450418
35.0,52.0,4.0,1.0,0.0,514.2441666666666,240.71181198237537
35.0,60.0,1.0,1.0,0.0,51.65,24.612415407743683
35.0,67.0,1.0,1.0,0.0,904.1500000000001,702.0316552433887
35.0,80.0,1.0,6.0,1.0,151.125,94.98983570577589
35.0,82.0,1.0,1.0,0.0,1801.8275000000006,1694.0725026372857
35.0,87.0,10.0,2.0,0.0,4920.169166666667,1395.7496654776216
36.0,7.0,1.0,1.0,0.0,107.80749999999999,96.28234920839577
36.0,11.0,6.0,2.0,0.0,96.11916666666666,84.83209602260496
36.0,25.0,7.0,1.0,0.0,11.131666666666666,9.35265862022105
36.0,40.0,6.0,2.0,0.0,474.4333333333337,339.85113779268005
36.0,55.0,9.0,1.0,0.0,112.01083333333334,79.08928549513273
36.0,82.0,4.0,1.0,0.0,739.6075000000001,492.5119937458828
36.0,87.0,1.0,3.0,1.0,228.32333333333335,158.52799552892733
37.0,2.0,4.0,1.0,0.0,910.6966666666664,885.0315079915595
37.0,4.0,6.0,2.0,0.0,610.2858333333324,559.4605116672128
37.0,6.0,1.0,3.0,1.0,44.76,15.524878266518904
37.0,10.0,1.0,1.0,0.0,95.7575,56.30923753823769
37.0,11.0,3.0,1.0,0.0,303.76583333333343,147.42110499244032
37.0,14.0,4.0,4.0,0.0,206.8708333333333,138.91575308758846
37.0,17.0,2.0,1.0,0.0,132.1308333333333,107.38143486007719
37.0,21.0,9.0,1.0,0.0,251.06333333333336,118.10993616954708
37.0,25.0,6.0,7.0,0.0,22.159166666666668,17.757010252184106
37.0,59.0,9.0,1.0,0.0,45.973333333333336,34.5784853471422
37.0,60.0,1.0,1.0,0.0,152.08333333333331,110.98273113569144
37.0,67.0,1.0,1.0,0.0,400.52416666666676,358.33613280106965
37.0,74.0,4.0,1.0,0.0,119.84333333333336,100.37897119061226
37.0,83.0,2.0,2.0,0.0,324.9391666666667,158.683870129469
37.0,94.0,4.0,2.0,0.0,1084.1858333333323,638.58605516726
38.0,1.0,7.0,1.0,0.0,1002.1175000000002,915.1094026438137
38.0,11.0,4.0,1.0,0.0,98.125,70.90699162592924
38.0,17.0,1.0,1.0,0.0,145.07416666666668,50.552585822841536
38.0,25.0,7.0,1.0,0.0,41.54750000000001,29.415975345626492
38.0,28.0,8.0,1.0,0.0,20.014166666666664,16.32111932056952
38.0,67.0,1.0,1.0,0.0,135.13166666666666,87.49203041116306
38.0,74.0,3.0,1.0,0.0,134.3575,99.51034057568835
38.0,83.0,9.0,9.0,0.0,230.50250000000005,175.1293280725557
39.0,5.0,2.0,1.0,0.0,3472.4500000000007,2656.2803069750557
39.0,7.0,2.0,5.0,0.0,5675.334999999999,3698.0086030831058
39.0,8.0,5.0,1.0,0.0,3369.2466666666674,1216.3067077934465
39.0,11.0,4.0,1.0,0.0,3732.7949999999996,2518.780008104285
39.0,14.0,4.0,5.0,0.0,2383.134166666667,1966.9889619322055
39.0,20.0,5.0,1.0,0.0,1415.2016666666666,1000.4223598380762
39.0,21.0,1.0,1.0,0.0,466.3341666666666,464.842523514907
39.0,22.0,4.0,1.0,0.0,2270.439999999999,1520.6767724239635
39.0,23.0,2.0,1.0,0.0,3770.215833333334,3028.5394116246403
39.0,25.0,4.0,1.0,0.0,884.5925000000001,809.0441893648164
39.0,27.0,5.0,1.0,0.0,394.89416666666665,342.5352571729126
39.0,29.0,2.0,1.0,0.0,1264.5658333333333,877.6128394954329
39.0,31.0,2.0,1.0,0.0,2152.067499999999,1505.0455553457014
39.0,34.0,4.0,1.0,0.0,3200.481666666667,1087.6982393794792
39.0,46.0,4.0,1.0,0.0,2495.697500000001,1536.6834476990182
39.0,49.0,2.0,1.0,0.0,2845.2875000000004,2239.5000447354846
39.0,52.0,4.0,1.0,0.0,604.4583333333334,398.5201534518565
39.0,71.0,4.0,1.0,0.0,1285.1783333333333,1133.668974126439
39.0,74.0,2.0,1.0,0.0,2507.3991666666666,2168.324994130335
39.0,82.0,2.0,1.0,0.0,2639.809166666667,1729.1599368586692
39.0,83.0,4.0,1.0,0.0,1358.0558333333336,242.86459252815106
39.0,98.0,1.0,1.0,0.0,1347.4641666666669,1048.685770287077
40.0,9.0,7.0,1.0,0.0,2016.4424999999992,1344.8625500463966
40.0,12.0,9.0,2.0,0.0,769.1758333333331,415.7747069191032
40.0,14.0,2.0,1.0,0.0,972.5866666666667,950.7433429521243
40.0,18.0,4.0,2.0,0.0,3659.1108333333336,2873.247458005047
40.0,20.0,2.0,1.0,0.0,454.98749999999995,413.78888236785974
40.0,23.0,1.0,1.0,0.0,1679.2975,1462.1874491693259
40.0,25.0,2.0,1.0,0.0,1094.9775000000002,706.1389902019351
40.0,29.0,1.0,1.0,0.0,495.1808333333333,300.97552420604967
40.0,34.0,7.0,1.0,0.0,1062.545,969.8403632197727
40.0,35.0,2.0,1.0,0.0,412.7541666666668,334.1147370914239
40.0,36.0,3.0,1.0,0.0,280.805,236.37647252331445
40.0,37.0,10.0,6.0,0.0,452.08583333333326,389.087070354644
40.0,41.0,2.0,1.0,0.0,111.63916666666665,91.3585325176079
40.0,42.0,8.0,2.0,0.0,614.0883333333333,264.6056455026441
40.0,44.0,4.0,1.0,0.0,364.325,345.5485719097951
40.0,60.0,1.0,1.0,0.0,64.39999999999999,59.41406735001792
40.0,71.0,2.0,1.0,0.0,431.1083333333334,422.40934562515105
40.0,81.0,9.0,6.0,0.0,1009.3458333333334,379.9028674575793
40.0,82.0,2.0,1.0,0.0,1820.6033333333332,1159.9612742265767
40.0,85.0,2.0,1.0,0.0,434.2658333333334,264.29643882733876
40.0,91.0,9.0,6.0,0.0,1660.5666666666668,1468.2812748697409
40.0,97.0,9.0,10.0,0.0,1029.125833333333,744.0490549097198
40.0,98.0,8.0,4.0,0.0,545.1208333333333,415.4567100620552
41.0,2.0,4.0,2.0,0.0,2841.518333333334,2728.987243761551
41.0,5.0,4.0,1.0,0.0,4159.1258333333335,3234.8988755976
41.0,8.0,4.0,1.0,0.0,3041.7841666666677,2244.1352921827897
41.0,11.0,4.0,1.0,0.0,2386.4799999999996,1836.0487898841536
41.0,12.0,9.0,2.0,0.0,385.9008333333333,363.84453113368835
41.0,14.0,4.0,5.0,0.0,2316.8975000000005,2077.997106377872
41.0,17.0,4.0,1.0,0.0,2279.361666666666,1937.949907996599
41.0,18.0,4.0,8.0,0.0,8403.887499999999,4705.1556483190025
41.0,22.0,1.0,1.0,0.0,1722.2441666666666,1637.0950134106477
41.0,26.0,2.0,5.0,0.0,1425.506666666667,1352.768799983344
41.0,29.0,1.0,1.0,0.0,751.5100000000001,504.65196359150445
41.0,32.0,1.0,1.0,0.0,770.8975000000002,662.6275530362085
41.0,34.0,4.0,1.0,0.0,1729.5749999999998,1307.0277639508124
41.0,35.0,4.0,1.0,0.0,450.86500000000007,315.44120866691657
41.0,42.0,9.0,2.0,0.0,869.3841666666664,738.7601198333219
41.0,44.0,4.0,1.0,0.0,775.2733333333335,615.5953551484023
41.0,46.0,3.0,1.0,0.0,2286.579166666666,1649.9496109780466
41.0,49.0,3.0,1.0,0.0,2046.881666666667,1446.1146878798256
41.0,52.0,9.0,1.0,0.0,401.7908333333333,376.9186804069357
41.0,58.0,1.0,1.0,0.0,3475.625,2732.539444523712
41.0,60.0,1.0,1.0,0.0,88.76666666666665,67.49763351771506
41.0,98.0,4.0,4.0,0.0,1160.5575000000003,1124.9647968152342
42.0,3.0,2.0,1.0,0.0,206.62750000000003,190.90128397426997
42.0,18.0,8.0,7.0,0.0,390.49916666666667,273.02696855101414
42.0,21.0,5.0,2.0,0.0,180.77416666666667,128.0476363413915
42.0,25.0,5.0,1.0,0.0,45.29333333333333,17.52187315301287
42.0,40.0,9.0,2.0,0.0,1257.6191666666664,895.331917761769
42.0,74.0,6.0,1.0,0.0,74.77250000000002,66.60273913500005
42.0,82.0,4.0,1.0,0.0,507.1924999999997,371.63053317118016
42.0,83.0,9.0,10.0,0.0,504.5050000000001,277.70895123370127
42.0,85.0,1.0,1.0,0.0,37.510833333333345,33.430697595237575
42.0,91.0,9.0,9.0,0.0,3009.2375000000006,1861.781150159822
43.0,10.0,1.0,1.0,0.0,115.75500000000001,57.48737412665389
43.0,21.0,4.0,1.0,0.0,210.9375,153.18111298932897
43.0,28.0,1.0,1.0,1.0,113.30583333333334,17.467968787449283
43.0,52.0,1.0,2.0,1.0,13.525,9.507515885413211
43.0,59.0,3.0,1.0,0.0,192.51666666666665,164.50280262048156
43.0,67.0,1.0,1.0,0.0,411.57166666666666,198.06123235851751
43.0,72.0,1.0,2.0,1.0,206.66833333333338,158.2496741360421
43.0,80.0,3.0,1.0,0.0,2517.2500000000014,644.1019185656838
43.0,91.0,9.0,10.0,0.0,1948.4491666666656,1683.2650816314144
43.0,93.0,9.0,4.0,0.0,2349.0541666666663,1685.2938250301838
44.0,5.0,2.0,1.0,0.0,654.9591666666666,308.92744347787226
44.0,9.0,6.0,2.0,0.0,53.69166666666666,37.5789563261902
44.0,14.0,4.0,1.0,0.0,162.16833333333332,57.075330029423476
44.0,32.0,3.0,2.0,0.0,18.03166666666667,12.705948307277941
44.0,46.0,5.0,1.0,0.0,456.6225000000001,354.91036951603377
44.0,56.0,4.0,3.0,0.0,375.2658333333333,307.7725823580267
44.0,59.0,1.0,2.0,1.0,89.05250000000001,13.462159694721416
44.0,67.0,1.0,1.0,0.0,219.50166666666664,81.73572604605062
44.0,85.0,7.0,1.0,0.0,72.665,26.25046417989944
45.0,9.0,5.0,1.0,0.0,2367.513333333333,2105.805586317735
45.0,13.0,4.0,2.0,0.0,1567.1291666666666,1163.3333716899253
45.0,17.0,2.0,1.0,0.0,1312.5375,723.4507592293245
45.0,18.0,3.0,2.0,0.0,3328.2216666666664,3267.9533651859506
45.0,19.0,2.0,1.0,0.0,217.2933333333333,157.81407288365224
45.0,25.0,1.0,1.0,0.0,881.4775000000003,787.7061810312476
45.0,33.0,1.0,5.0,0.0,659.1933333333333,657.738012460855
45.0,34.0,4.0,1.0,0.0,1637.6316666666664,1005.2817169901699
45.0,35.0,3.0,1.0,0.0,580.4049999999999,574.9625405006817
45.0,40.0,7.0,2.0,0.0,1607.5033333333333,1468.7358059135192
45.0,41.0,1.0,1.0,0.0,1034.4283333333333,463.00381078870123
45.0,42.0,5.0,1.0,0.0,416.6750000000001,257.98383673678086
45.0,54.0,1.0,3.0,1.0,19.0,18.45252145040051
45.0,60.0,1.0,1.0,0.0,60.45000000000001,34.77143597024236
45.0,82.0,1.0,1.0,0.0,2265.6966666666667,989.8575077497017
45.0,93.0,7.0,1.0,0.0,505.25499999999994,461.1920526280185
45.0,94.0,10.0,1.0,0.0,700.3383333333333,492.21391142972834
45.0,95.0,7.0,2.0,0.0,4765.400833333334,1693.6789649872414
45.0,97.0,5.0,1.0,0.0,626.0616666666666,404.9473372837983
